Model,Mean_Accuracy,Std_Dev,Min_Accuracy,Max_Accuracy,Fold_Scores
Random Forest,0.8398958218700707,0.022472554409358945,0.8068669527896996,0.871244635193133,"[np.float64(0.8547008547008547), np.float64(0.8418803418803419), np.float64(0.8247863247863247), np.float64(0.8068669527896996), np.float64(0.871244635193133)]"
XGBoost,0.8441839991196215,0.02240280318591934,0.8197424892703863,0.8755364806866953,"[np.float64(0.8632478632478633), np.float64(0.8418803418803419), np.float64(0.8205128205128205), np.float64(0.8197424892703863), np.float64(0.8755364806866953)]"
LightGBM,0.8236381644106967,0.022129998378469226,0.782051282051282,0.8418803418803419,"[np.float64(0.8376068376068376), np.float64(0.8418803418803419), np.float64(0.782051282051282), np.float64(0.8197424892703863), np.float64(0.8369098712446352)]"
